id_prod;image;us_crea;date_crea
1000;ID=1000 .JPG;1;2015-10-29
1001;ID=1001, Caja para dados de Prensadora  hidrÃ¡ulica  - copia.JPG;2;0000-00-00
1003;ID=1003, .JPG;1;2015-08-04
1004;ID=1004, 8WL7230-0A .jpg;2;0000-00-00 00:00:00
1005;ID=1005, .JPG;2;0000-00-00 00:00:00
1006;ID=1006, .JPG;2;0000-00-00 00:00:00
1007;ID=1007, .JPG;2;0000-00-00 00:00:00
1008;ID=1008, Taladro magnÃ©tico.JPG;2;0000-00-00 00:00:00
1010;ID=1010, Planta elÃƒÂ©ctrica 5 kV EG5000, Semi-silenciosa .JPG;2;0000-00-00 00:00:00
1013;ID=1013, .JPG;2;0000-00-00 00:00:00
1042;ID=1042, .JPG;2;0000-00-00 00:00:00
1114;ID=1114, .JPG;1;2015-09-02
1115;ID=1115, L25010-A2-E312  .JPG;1;2015-08-04
1212;ID=1212, .JPG;2;0000-00-00 00:00:00
1213;ID=1213, .JPG;1;2015-09-10
1220;ID=1220, 8WL2114-1.JPG;2;0000-00-00 00:00:00
1221;ID=1221, 8WL2115-1.JPG;2;0000-00-00 00:00:00
1222;ID=1222, 8WL5134-0.JPG;2;0000-00-00 00:00:00
1224;ID=1224, 8WL2148-5.JPG;2;0000-00-00 00:00:00
1228;ID=1228, 8WL2148-6.JPG;2;0000-00-00 00:00:00
1232;ID=1232, 8WL3088-1A.JPG;2;0000-00-00 00:00:00
1233;ID=1233, 8WL3088-2E.JPG;2;0000-00-00 00:00:00
1235;ID=1235, CR-AISS-002.JPG;2;0000-00-00 00:00:00
1236;ID=1236, 8WL5545-7A.JPG;2;0000-00-00 00:00:00
1237;ID=1237, 552921.JPG;2;0000-00-00 00:00:00
1239;ID=1239, J4231-S001-C.JPG;2;0000-00-00 00:00:00
1243;ID=1243, D.0185-EL-J4221-S002.JPG;2;0000-00-00 00:00:00
1244;ID=1244, D.0185-EL-J4221-S001.JPG;2;0000-00-00 00:00:00
1245;ID=1245, D.0185-EL-J4221-S003.JPG;2;0000-00-00 00:00:00
1247;ID=1247, DBB081022X-08.JPG;2;0000-00-00 00:00:00
1252;ID=1252, .JPG;2;0000-00-00 00:00:00
1254;ID=1254, .JPG;2;0000-00-00 00:00:00
1257;ID=1257, DIN127-B20-FST-A2 .JPG;1;2015-11-30
1258;ID=1258, .JPG;2;0000-00-00 00:00:00
1259;ID=1259, .JPG;2;0000-00-00 00:00:00
1260;ID=1260, .JPG;2;0000-00-00 00:00:00
1270;ID=1270, 8WL2196-3.JPG;2;0000-00-00 00:00:00
1271;ID=1271, .JPG;2;0000-00-00 00:00:00
1272;ID=1272, .JPG;2;0000-00-00 00:00:00
1276;ID=1276, .JPG;2;0000-00-00 00:00:00
1279;ID=1279, .JPG;2;0000-00-00 00:00:00
1280;ID=1280, 8WL2003-3.JPG;2;0000-00-00 00:00:00
1281;ID=1281, .JPG;2;0000-00-00 00:00:00
1282;ID=1282, .JPG;2;0000-00-00 00:00:00
1283;ID=1283, BR-CON-EXT.JPG;2;0000-00-00 00:00:00
1284;ID=1284, BR-CON-INT.JPG;2;0000-00-00 00:00:00
1285;ID=1285, 8WL1018-3.JPG;2;0000-00-00 00:00:00
1286;ID=1286, 8WL5170-1.JPG;2;0000-00-00 00:00:00
1290;ID=1290,Brida de conexion doble.JPG;2;0000-00-00 00:00:00
1291;ID=1291, CR-EST-01.JPG;2;0000-00-00 00:00:00
1292;ID=1292, .JPG;2;0000-00-00 00:00:00
1293;ID=1293, .JPG;2;0000-00-00 00:00:00
1294;ID=1294, .JPG;2;0000-00-00 00:00:00
1295;ID=1295, .JPG;2;0000-00-00 00:00:00
1296;ID=1296.JPG;2;0000-00-00 00:00:00
1298;ID=1298, 8WL7062-0.JPG;2;0000-00-00 00:00:00
1300;ID1300, 8WL7091-6.JPG;2;0000-00-00 00:00:00
1301;ID=1301, 8WL7076-0 .JPG;2;0000-00-00 00:00:00
1302;ID=1302, 8WL7093-2.JPG;2;0000-00-00 00:00:00
1308;ID=1308, 8WL7055-0.JPG;2;0000-00-00 00:00:00
1311;ID=1311, CR-CAR-734AL .jpg;2;0000-00-00 00:00:00
1312;ID=1312, J4211-S001.JPG;2;0000-00-00 00:00:00
1314;ID=1314, .JPG;2;0000-00-00 00:00:00
1316;ID=1316, 8WL1028-0.JPG;2;0000-00-00 00:00:00
1317;ID=1317, .JPG;2;0000-00-00 00:00:00
1318;ID=1318, 8WL6743-0.JPG;2;0000-00-00 00:00:00
1319;ID=1319, .JPG;2;0000-00-00 00:00:00
1320;ID=1320, J4255-S002-C.JPG;2;0000-00-00 00:00:00
1321;ID=1321, J4255-S002-E.JPG;2;0000-00-00 00:00:00
1322;ID=1322, J4255-S002-F.JPG;2;0000-00-00 00:00:00
1323;ID=1323, J4255-S002-G.JPG;2;0000-00-00 00:00:00
1328;ID=1328, J4255-S001-C (2).JPG;1;2015-11-30
1329;ID=1329, J4255-S001-E.JPG;2;0000-00-00 00:00:00
1330;ID=1330, J4255-S001-F.JPG;2;0000-00-00 00:00:00
1331;ID=1331, CAT-AIS-001.JPG;2;0000-00-00 00:00:00
1333;ID=1333, 8WL5104-0.JPG;2;0000-00-00 00:00:00
1334;ID=1334, 8WL1018-0.JPG;2;0000-00-00 00:00:00
1335;ID=1335, 8WL5006-1A.JPG;2;0000-00-00 00:00:00
1336;ID=1336, .JPG;2;0000-00-00 00:00:00
1337;ID=1337, .JPG;2;0000-00-00 00:00:00
1338;ID=1338, .JPG;2;0000-00-00 00:00:00
1345;ID=1345, D.0185-EL-J4311-S002.JPG;2;0000-00-00 00:00:00
1350;ID=1350, .JPG;2;0000-00-00 00:00:00
1352;ID=1352, 8WL1180-7.JPG;2;0000-00-00 00:00:00
1353;ID=1353, .JPG;2;0000-00-00 00:00:00
1356;ID=1356, 8WL4536-1.JPG;2;0000-00-00 00:00:00
1359;ID=1359, .JPG;2;0000-00-00 00:00:00
1360;ID=1360, .JPG;2;0000-00-00 00:00:00
1361;1361, .JPG;2;0000-00-00 00:00:00
1364;ID=1364, 8WL4517-1L.JPG;2;0000-00-00 00:00:00
1367;ID=1367, .JPG;2;0000-00-00 00:00:00
1369;ID=1369, 8WL1501-0.JPG;1;2015-11-25
1370;ID=1370, .JPG;2;0000-00-00 00:00:00
1371;ID=1371, J4215-S001.JPG;2;0000-00-00 00:00:00
1372;ID=1372, J4221-S001.JPG;2;0000-00-00 00:00:00
1374;ID=1374, J4221-S002.JPG;2;0000-00-00 00:00:00
1375;ID=1375, .JPG;2;0000-00-00 00:00:00
1384;ID=1384, 8WL1553-0.JPG;2;0000-00-00 00:00:00
1385;ID=1385, .JPG;2;0000-00-00 00:00:00
1392;ID=1392, 8WL8037-2.JPG;2;0000-00-00 00:00:00
1398;ID=1398, .JPG;2;0000-00-00 00:00:00
1399;ID=1399, .JPG;2;0000-00-00 00:00:00
1400;ID=1400, 8WL5172-1.JPG;2;0000-00-00 00:00:00
1401;ID=1401, 8WL6223-0A.JPG;2;0000-00-00 00:00:00
1402;ID=1402, DBB081022X-08.JPG;2;0000-00-00 00:00:00
1403;ID=1403, J4211-C001 - copia.JPG;2;0000-00-00 00:00:00
1405;ID=1405, 8WL5160-0.JPG;2;0000-00-00 00:00:00
1408;ID=1408, .JPG;2;0000-00-00 00:00:00
1409;ID=1409, 8WL5078-1A.JPG;2;0000-00-00 00:00:00
1412;ID=1412, .JPG;2;0000-00-00 00:00:00
1413;ID=1413, J4235-S001-A .JPG;2;0000-00-00 00:00:00
1416;ID=1416, J4235-S001-C .JPG;2;0000-00-00 00:00:00
1419;ID=1419, J4235-S001-D .JPG;2;0000-00-00 00:00:00
1421;ID=1421, J4235-S001-E.JPG;2;0000-00-00 00:00:00
1423;ID=1423, J4235-S001-F .JPG;2;0000-00-00 00:00:00
1424;ID=1424, .JPG;2;0000-00-00 00:00:00
1425;ID=1425, J4235-S001-H .JPG;2;0000-00-00 00:00:00
1426;ID=1426, J4235-S001-I .JPG;2;0000-00-00 00:00:00
1427;ID=1427, 8WL2124-4.JPG;2;0000-00-00 00:00:00
1429;ID=1429, .JPG;2;0000-00-00 00:00:00
1432;ID=1432, 8WL2118-1.JPG;2;0000-00-00 00:00:00
1433;ID=1433, 8WL2118-2.JPG;2;0000-00-00 00:00:00
1439;ID=1439, MS-CAT-HIE-0018.JPG;2;0000-00-00 00:00:00
1441;ID=1441, D.0185-EL-J4257-S001.JPG;2;0000-00-00 00:00:00
1442;ID=1442, D.0185-EL-J4311-S001.JPG;2;0000-00-00 00:00:00
1449;ID=1449, 8WL2184-6.JPG;2;0000-00-00 00:00:00
1454;ID=1454, 8WL1097-3A.JPG;2;0000-00-00 00:00:00
1459;ID=1459, .JPG;2;0000-00-00 00:00:00
1464;ID=1464, 8WL2104-1.JPG;2;0000-00-00 00:00:00
1465;ID=1465, .JPG;2;0000-00-00 00:00:00
1467;ID=1467, 8WL2101-4.JPG;2;0000-00-00 00:00:00
1470;ID=1470, .JPG;2;0000-00-00 00:00:00
1471;ID=1471, .JPG;2;0000-00-00 00:00:00
1473;ID=1473, .JPG;2;0000-00-00 00:00:00
1474;ID1474, TER178.SCP.100.JPG;2;0000-00-00 00:00:00
1475;ID=1475, SPTC-4x70-153R.JPG;2;0000-00-00 00:00:00
1482;ID=1482, .JPG;2;0000-00-00 00:00:00
1483;ID=1483, .JPG;2;0000-00-00 00:00:00
1489;ID=1489, .JPG;2;0000-00-00 00:00:00
1490;ID=1490, .JPG;2;0000-00-00 00:00:00
1498;ID=1498, .JPG;2;0000-00-00 00:00:00
1499;ID=1499,  .JPG;2;0000-00-00 00:00:00
1500;ID=1500, 8WL2161-0 .JPG;2;0000-00-00 00:00:00
1501;ID=1501, 8WL2165-0 .JPG;2;0000-00-00 00:00:00
1502;ID=1502, 8WL2167-0 .JPG;2;0000-00-00 00:00:00
1514;ID=1514, .JPG;2;0000-00-00 00:00:00
1515;ID=1515, .JPG;2;0000-00-00 00:00:00
1516;ID=1516, .JPG;2;0000-00-00 00:00:00
1517;ID=1517, .JPG;2;0000-00-00 00:00:00
1523;ID=1523, D.0185-EL-J4221-S004.JPG;2;0000-00-00 00:00:00
1534;ID=1534, J4215-S002.JPG;2;0000-00-00 00:00:00
1536;ID=1536, J4211-S004.JPG;2;0000-00-00 00:00:00
1921;ID=1921 .JPG;1;2015-08-26
1930;ID=1930 .JPG;1;2015-08-26
1932;ID=1932.JPG;1;2015-08-26
1934;ID=1934 .JPG;1;2015-08-12
1937;ID=1937, .JPG;1;2015-11-30
1944;ID=1944 .JPG;1;2015-08-26
1945;ID=1945 .JPG;1;2015-08-26
1951;ID=1951, QSE 93-AF631-1E.JPG;2;0000-00-00 00:00:00
1952;ID=1952, .JPG;2;0000-00-00 00:00:00
1953;ID=1953, .JPG;2;0000-00-00 00:00:00
1960;ID=1960 .JPG;1;2015-08-26
1963;ID=1363, 8WL4505-3 .JPG;1;2015-11-25
1970;ID=1970 .JPG;1;2015-08-31
1971;ID=1971, .JPG;1;2015-09-02
1982;ID=1982 .JPG;1;2015-08-26
1983;ID=1983 .JPG;1;2015-08-26
1999;ID=1999, .JPG;1;2015-09-02
2000;ID=2000, .JPG;1;2015-09-02
2001;ID=2001, .JPG;1;2015-09-02
2003;ID=2003, .JPG;1;2015-09-02
2004;ID=2004 .JPG;1;2015-08-31
2005;ID=2005 .JPG;1;2015-08-26
2012;ID=2012.JPG;1;2015-10-29
2016;ID=2016 .JPG;1;2015-08-26
2019;ID=2019 .JPG;1;2015-08-26
2020;ID=2020 .JPG;1;2015-08-26
2021;ID=2021 .JPG;1;2015-08-27
2023;ID=2023 .JPG;1;2015-08-26
2024;ID=2024 .JPG;1;2015-08-26
2025;ID=2025 .JPG;1;2015-08-26
2026;ID=2026 .JPG;1;2015-08-26
2029;ID=2029 .JPG;1;2015-08-31
2030;ID=2030,KR-2.JPG;2;0000-00-00 00:00:00
2302;ID=2302 .JPG;1;2015-08-26
2305;ID=2305 .JPG;1;2015-09-06
2306;ID=2306 .JPG;1;2015-08-12
2307;ID=2307 .JPG;1;2015-09-06
2327;ID=2327 .JPG;1;2015-09-06
2329;ID=2329 .JPG;1;2015-10-29
2331;ID=2331 .JPG;1;2015-09-06
2332;ID=2332 .JPG;1;2015-09-06
2335;ID=2335.JPG;2;0000-00-00 00:00:00
2336;ID=2336 .JPG;1;2015-08-12
2337;ID=2337 .JPG;1;2015-09-17
2338;ID=2338 .JPG;1;2015-08-12
2339;ID=2339, .JPG;1;2015-09-02
2340;ID=2340 .JPG;1;2015-09-06
2341;ID=2341 .JPG;1;2015-08-26
2342;ID=2342 .JPG;1;2015-09-06
2343;ID=2343 .JPG;1;2015-09-06
2344;ID=2344, .JPG;1;2015-09-02
2345;ID=2345.JPG;2;0000-00-00 00:00:00
2346;ID=2346 .JPG;1;2015-09-06
2348;ID=2348 .JPG;1;2015-08-12
2352;ID=2352 .JPG;1;2015-09-06
2353;3GD2032-4BC.JPG;2;0000-00-00 00:00:00
2355;ID=2355, 3NW6001-1 .JPG;2;0000-00-00 00:00:00
2359;ID=2359 .JPG;1;2015-10-29
2361;ID=2361 .JPG;1;2015-08-12
2362;ID=2362 .JPG;1;2015-10-29
2366;ID=2366.JPG;1;2015-08-26
2370;ID=2370.JPG;1;2015-08-26
2372;ID=2372 .JPG;1;2015-10-29
2374;ID=2374 .JPG;1;2015-09-06
2375;ID=2375 .JPG;1;2015-09-06
2381;ID=2381 .JPG;1;2015-09-06
2382;ID=2382 .JPG;1;2015-09-06
2387;ID=2387 .JPG;1;2015-08-12
2390;ID=2390 .JPG;1;2015-09-04
2392;ID=2392 .JPG;1;2015-09-04
2396;ID=2396 .JPG;1;2015-09-04
2397;ID=2397 .JPG;1;2015-09-04
2399;ID=2399 .JPG;1;2015-08-12
2401;ID=2401 .JPG;1;2015-09-06
2402;ID= 2402 .JPG;1;2015-08-12
2405;ID=2405 .JPG;1;2015-09-06
2411;ID=2411.JPG;1;2015-08-27
2414;ID=2414.JPG;2;0000-00-00 00:00:00
2418;ID=2418.JPG;1;2015-08-26
2421;ID=2421 .JPG;1;2015-08-12
2422;ID=2422 .JPG;1;2015-08-12
2423;ID=2423.JPG;1;2015-08-26
2424;ID=2424, .JPG;1;2015-09-02
2429;ID=2429 .JPG;1;2015-08-26
2431;ID=2431 .JPG;1;2015-08-26
2433;ID=2433 -.JPG;1;2015-08-31
2434;ID=2434 .JPG;1;2015-08-12
2435;ID=2435 .JPG;1;2015-08-12
2436;ID=2436 .JPG;1;2015-09-06
2438;ID=2438 .JPG;1;2015-09-06
2439;ID=2439 .JPG;1;2015-08-12
2440;ID=2440, .JPG;1;2015-12-02
2442;ID=2442 .JPG;1;2015-09-06
2443;ID=2443 .JPG;1;2015-09-06
2444;ID=2444 .JPG;4;2016-04-15
2455;ID=2455 .JPG;1;2015-08-12
2456;ID=2456, .JPG;1;2015-09-02
2461;ID=2461 .JPG;1;2015-09-06
2463;ID=2463, .JPG;1;2015-09-02
2464;ID=2464 .JPG;1;2015-08-26
2465;ID=2465 .JPG;1;2015-08-12
2476;ID=2476 .JPG;1;2015-08-31
2479;ID=2479.JPG;1;2015-08-26
2481;ID=2481, .JPG;1;2015-09-02
2483;ID=2483, .JPG;2;0000-00-00 00:00:00
2484;ID=2484, .JPG;2;0000-00-00 00:00:00
2485;ID=2485, .JPG;2;0000-00-00 00:00:00
2486;ID=2486, .JPG;2;0000-00-00 00:00:00
2495;ID=2495, .JPG;2;0000-00-00 00:00:00
2514;ID=2514, .JPG;2;0000-00-00 00:00:00
2538;ID=2538, .JPG;2;0000-00-00 00:00:00
2548;ID=2548 .JPG;2;0000-00-00 00:00:00
2553;ID=2553, .JPG;2;0000-00-00 00:00:00
2554;ID=2554, .JPG;2;0000-00-00 00:00:00
2555;ID=2555, .JPG;2;0000-00-00 00:00:00
2563;ID=2563, S25131-A1-A217 .JPG;1;2015-08-04
2564;ID=2564, .JPG;2;0000-00-00 00:00:00
2575;ID=2575, .JPG;2;0000-00-00 00:00:00
2576;ID=2576, .JPG;2;0000-00-00 00:00:00
2578;ID=2578, .JPG;2;0000-00-00 00:00:00
2582;ID=2582, .JPG;2;0000-00-00 00:00:00
2599;ID=2599, .JPG;2;0000-00-00 00:00:00
2602;ID=2602, .JPG;2;0000-00-00 00:00:00
2603;ID=2603, .JPG;2;0000-00-00 00:00:00
2604;ID=2604, .JPG;2;0000-00-00 00:00:00
2615;ID=2615, .JPG;2;0000-00-00 00:00:00
2671;ID=2671, .JPG;2;0000-00-00 00:00:00
2672;ID=2672, .JPG;2;0000-00-00 00:00:00
2692;ID=2692, .JPG;2;0000-00-00 00:00:00
2718;ID=2718, .JPG;2;0000-00-00 00:00:00
2719;ID=2719, .JPG;2;0000-00-00 00:00:00
2720;ID=2720, .JPG;2;0000-00-00 00:00:00
2723;ID=2723, .JPG;2;0000-00-00 00:00:00
2728;ID=2728, .JPG;2;0000-00-00 00:00:00
2920;ID=2920, .JPG;2;0000-00-00 00:00:00
2921;ID=2921, .JPG;2;0000-00-00 00:00:00
2941;ID=2941, 8WL4567-8.JPG;2;0000-00-00 00:00:00
2946;ID=2946 .JPG;1;2015-09-06
2966;ID=2966.JPG;2;0000-00-00 00:00:00
2976;ID=2976 .JPG;1;2015-08-31
3011;ID=3011, .JPG;2;0000-00-00 00:00:00
3012;ID=3012, .JPG;2;0000-00-00 00:00:00
3020;ID=3020, .JPG;2;0000-00-00 00:00:00
3021;ID=3021, .JPG;2;0000-00-00 00:00:00
3023;ID=3023, .JPG;2;0000-00-00 00:00:00
3024;ID=3024, .JPG;2;0000-00-00 00:00:00
3030;ID=3030, .JPG;2;0000-00-00 00:00:00
3031;ID=3031, .JPG;2;0000-00-00 00:00:00
3032;ID=3032, .JPG;2;0000-00-00 00:00:00
3034;ID=3034, .JPG;2;0000-00-00 00:00:00
3037;ID=3037, UEBGEN.JPG;4;2016-03-18
3040;ID=3040, .JPG;2;0000-00-00 00:00:00
3041;ID=3041. .JPG;2;0000-00-00 00:00:00
3044;ID=3044, .JPG;2;0000-00-00 00:00:00
3046;ID=3046, .JPG;2;0000-00-00 00:00:00
3048;ID=3048, .JPG;2;2016-04-21
3049;ID=3049, .JPG;2;2016-04-21
3054;ID=3054, .JPG;1;2015-09-02
3220;ID=3220,KM-63.JPG;2;0000-00-00 00:00:00
3233;ID=3233 .JPG;1;2015-08-12
3235;ID=3235 .JPG;1;2015-09-04
3239;ID=3239 .JPG;1;2015-08-26
3242;ID=3242 .JPG;1;2015-08-12
3277;ID=3277, J4257-S001 .JPG;2;0000-00-00 00:00:00
3278;ID=3278 .JPG;1;2015-08-26
3364;ID=3364, RZ1-K 1x240, 1.8-3 KV.JPG;2;0000-00-00 00:00:00
3366;ID=3366, Cable 1x70 mm2 Rojo .JPG;2;0000-00-00 00:00:00
3367;ID=3367, Cable 1x240 mm2 Rojo  .JPG;2;0000-00-00 00:00:00
3370;ID=3370, Cable 1x120 mm2 Rojo .JPG;2;0000-00-00 00:00:00
3388;ID=3388, .JPG;1;2015-11-30
3395;ID=3395 .JPG;1;2015-10-29
3396;ID=3396, .JPG;2;0000-00-00 00:00:00
3401;ID=3401, .JPG;2;0000-00-00 00:00:00
3443;ID=3443, .JPG;2;0000-00-00 00:00:00
3444;ID=3444,  - copia.JPG;2;0000-00-00 00:00:00
3452;ID=3452, 8WL2175-1B, A2V00001129299, .jpg;2;0000-00-00 00:00:00
3456;ID=3456, 8WL5545-5A.JPG;2;0000-00-00 00:00:00
3463;ID=3463, .JPG;2;0000-00-00 00:00:00
3515;ID=3515, .JPG;2;0000-00-00 00:00:00
3516;ID=3516, L25010-A1-L893 .JPG;1;2015-08-05
3522;ID=3522, .JPG;2;0000-00-00 00:00:00
4167;ID=4167, .JPG;1;2015-09-02
4179;ID=4179, 8WL7090-0.JPG;2;0000-00-00 00:00:00
4180;ID=4180, ES2 A7512.JPG;2;0000-00-00 00:00:00
4181;ID=4181, .JPG;2;0000-00-00 00:00:00
4183;ID=4183, .JPG;2;0000-00-00 00:00:00
4185;ID=4185, .JPG;2;0000-00-00 00:00:00
4186;ID=4186, .JPG;2;0000-00-00 00:00:00
4187;ID=4187, .JPG;2;0000-00-00 00:00:00
4188;ID=4188, .JPG;2;0000-00-00 00:00:00
4189;ID=4189, .JPG;1;2015-10-28
4190;ID=4190 .JPG;1;2015-10-29
4191;ID=4191, .JPG;2;0000-00-00 00:00:00
4192;ID=4192, .JPG;2;0000-00-00 00:00:00
4193;ID=4193, .JPG;2;0000-00-00 00:00:00
4194;ID=4194, .JPG;2;0000-00-00 00:00:00
4195;ID=4195, .JPG;2;0000-00-00 00:00:00
4196;ID=4196, DIN931-M18x270-A2.JPG;2;0000-00-00 00:00:00
4197;ID=4197, .JPG;2;0000-00-00 00:00:00
4198;ID=4198, .JPG;2;0000-00-00 00:00:00
4199;ID=4199, .JPG;2;0000-00-00 00:00:00
4200;ID=4200, .JPG;2;0000-00-00 00:00:00
4202;ID=4202, J4211-C002.JPG;2;0000-00-00 00:00:00
4203;ID=4203, J4221-S005.JPG;2;0000-00-00 00:00:00
4205;ID=4205, J4231-S001-A.JPG;2;0000-00-00 00:00:00
4206;ID=4206, J4231-S001-B.JPG;2;0000-00-00 00:00:00
4207;ID=4207, J4235-S001-B .JPG;2;0000-00-00 00:00:00
4208;ID=4208, J4235-S001-J .JPG;2;0000-00-00 00:00:00
4210;ID=4210, J4255-S001-A.JPG;2;0000-00-00 00:00:00
4211;ID=4211, J4255-S001-D.JPG;2;0000-00-00 00:00:00
4212;ID=4212, J4255-S002-D.JPG;2;0000-00-00 00:00:00
4213;ID=4213, SA343-41.JPG;2;0000-00-00 00:00:00
4214;ID=4214, .JPG;2;0000-00-00 00:00:00
4215;ID=4215, 1033199.JPG;2;0000-00-00 00:00:00
4217;ID=4217, 552308.JPG;2;0000-00-00 00:00:00
4231;ID=4231, .JPG;2;0000-00-00 00:00:00
4234;ID=4234, .JPG;2;0000-00-00 00:00:00
4240;ID=4240, .JPG;2;0000-00-00 00:00:00
4243;ID=4243, .JPG;2;0000-00-00 00:00:00
4244;ID=4244, .JPG;2;0000-00-00 00:00:00
4245;ID=4245, .JPG;2;0000-00-00 00:00:00
4251;ID=4251, V25202-F5431-J .JPG;1;2015-08-05
4255;ID=4255, .JPG;2;0000-00-00 00:00:00
4258;ID=4258, Tractesting  .JPG;1;2015-08-04
4259;ID=4259, L25010-A1-T538 .JPG;1;2015-08-05
4260;ID=4260, modemcable  .JPG;1;2015-08-04
4261;ID=4261,power supply.JPG;2;0000-00-00 00:00:00
4262;ID=4262 .jpg;2;0000-00-00 00:00:00
4263;ID=4263,  (2).JPG;2;0000-00-00 00:00:00
4264;ID=4264, L25010-A1-Z150 .JPG;2;0000-00-00 00:00:00
4265;ID=4265, C25407-Z1-B1 .JPG;2;0000-00-00 00:00:00
4266;ID=4266, A2V00001093166 .JPG;2;0000-00-00 00:00:00
4267;ID=4267, L25010-A1-N988 .JPG;2;0000-00-00 00:00:00
4268;ID=4268,L25010-A1-X159.JPG;2;0000-00-00 00:00:00
4271;ID=4271, .JPG;2;0000-00-00 00:00:00
4273;ID=4273, AR 260D  A25060-X37-P1 .JPG;1;2015-08-05
4274;ID=4274, Prensa hidráulica.JPG;2;0000-00-00 00:00:00
4279;ID=4279, .JPG;1;2015-12-02
4290;ID=4290, D.0185-EL-J4211-S001.JPG;2;0000-00-00 00:00:00
4294;ID=4294, .JPG;2;0000-00-00 00:00:00
4295;ID=4295, .JPG;2;0000-00-00 00:00:00
4298;ID=4298, .JPG;2;0000-00-00 00:00:00
4299;ID=4299, .JPG;2;0000-00-00 00:00:00
4300;ID=4300, .JPG;2;0000-00-00 00:00:00
4302;ID=4302, .JPG;1;2015-11-30
4305;ID=4305 .JPG;1;2015-08-31
4306;ID=4306 .JPG;1;2015-09-06
4307;ID=4307 .JPG;1;2015-09-06
4308;ID=4308 .JPG;1;2015-08-31
4309;ID=4309 .JPG;1;2015-08-31
4311;ID=4311 .JPG;1;2015-08-31
4314;ID=4314 .JPG;1;2015-08-12
4315;ID=4315 .JPG;1;2015-09-06
4317;ID=4317.JPG;2;0000-00-00 00:00:00
4320;ID=4320 .JPG;1;2015-08-31
4323;ID=4323 .JPG;1;2015-09-06
4326;ID=4326 .JPG;1;2015-08-31
4329;ID=4329 .JPG;1;2015-08-26
4330;ID=4330, .JPG;2;0000-00-00 00:00:00
4331;ID=4331 .JPG;1;2015-09-04
4332;ID=4332 .JPG;1;2015-09-04
4333;ID=4333 .JPG;1;2015-09-04
4336;ID=4336 .JPG;1;2015-08-12
4338;ID=4338 .JPG;1;2015-08-12
4340;ID=4340.JPG;1;2015-08-26
4342;ID=4342.JPG;1;2015-08-26
4345;ID=4345 .JPG;1;2015-09-04
4349;ID=4349 .JPG;1;2015-08-12
4350;ID=4350, .JPG;1;2015-09-02
4351;ID=4351 .JPG;1;2015-08-31
4352;ID=4352 .JPG;1;2015-08-12
4354;ID=4354 .JPG;1;2015-09-04
4355;ID=4355 .JPG;1;2015-08-26
4357;ID=4357 .JPG;1;2015-08-26
4365;ID=4365 .JPG;1;2015-08-12
4366;ID=4366.JPG;1;2015-10-29
4367;ID=4367, .JPG;2;0000-00-00 00:00:00
4368;ID=4368 .JPG;1;2015-10-29
4369;ID=4369, .JPG;2;0000-00-00 00:00:00
4370;ID=4370 .JPG;1;2015-08-31
4371;ID=4371, .JPG;2;0000-00-00 00:00:00
4372;ID=4372 .JPG;1;2015-08-31
4373;ID=4373 .JPG;1;2015-08-31
4375;ID=4375 .JPG;1;2015-08-31
4376;ID=4376.JPG;2;0000-00-00 00:00:00
4377;ID=4377.JPG;2;0000-00-00 00:00:00
4378;ID=4378.JPG;2;0000-00-00 00:00:00
4379;ID=4379, .JPG;2;0000-00-00 00:00:00
4380;ID=4380, .JPG;2;0000-00-00 00:00:00
4381;ID=4381, .JPG;2;0000-00-00 00:00:00
4382;ID=4382 .JPG;1;2015-08-31
4383;ID=4383 .JPG;1;2015-08-31
4385;ID=4385 .JPG;1;2015-08-31
4386;ID=4386, .JPG;2;0000-00-00 00:00:00
4389;ID=4389 .JPG;2;0000-00-00 00:00:00
4394;ID=4394.JPG;1;2015-08-27
4395;ID=4395.JPG;1;2015-08-27
4396;ID=4396.JPG;1;2015-08-27
4397;ID=4397.JPG;1;2015-08-27
4398;ID=4398, 100x35 mm .JPG;2;0000-00-00 00:00:00
4399;ID=4399, 200x35 mm .JPG;2;0000-00-00 00:00:00
4400;ID=4400, 300x35 mm .JPG;2;0000-00-00 00:00:00
4401;ID=4401, 400x60 mm .JPG;2;0000-00-00 00:00:00
4402;ID=4402, 500x60 mm  (2).JPG;2;0000-00-00 00:00:00
4403;ID=4403, 600x60 mm .JPG;2;0000-00-00 00:00:00
4404;ID=4404, 100x60 mm  - copia.JPG;2;0000-00-00 00:00:00
4405;ID=4405, 200x60 mm .JPG;2;0000-00-00 00:00:00
4408;ID=4408, .JPG;1;2015-09-02
4409;ID=4409, .JPG;1;2015-09-02
4417;ID=4417.JPG;2;0000-00-00 00:00:00
4418;ID=4418 .JPG;1;2015-09-17
4419;ID=4419,TX150T.JPG;2;0000-00-00 00:00:00
4421;ID=4421 .JPG;1;2015-09-17
4422;ID=4422 .JPG;1;2015-08-31
4429;ID=4429, .JPG;1;2015-10-28
4432;ID=4432, .JPG;1;2015-09-02
4435;ID=4435.JPG;1;2015-08-26
4443;ID=4443, 7SJ6225-4EE92-1FE0 L0A.JPG;2;2016-03-11
4444;ID=4444, 7SJ6221-4EE92-1FE0 L0A.JPG;2;2016-03-11
4445;ID=4445 .JPG;1;2015-08-12
4446;ID=4446 .JPG;1;2015-09-04
4447;ID=4447 .JPG;1;2015-09-04
4448;ID=4448 .JPG;1;2015-08-12
4449;ID=4449, 3SB3247-0AA41.JPG;2;0000-00-00 00:00:00
4450;ID=4450, 3SB3400-0A.JPG;2;0000-00-00 00:00:00
4451;ID=4451 .JPG;1;2015-08-31
4455;ID=4455, 4MC6363KUKO07-SWF-0643.jpg;1;2015-09-02
4456;ID=4456, 4MR1442-2BK26-Z.jpg;1;2015-09-02
4459;ID=4459 .JPG;1;2015-09-06
4460;ID=4460 .JPG;1;2015-09-06
4463;ID=4463 .JPG;1;2015-10-29
4464;ID=4464, ES20002930333  (2500167).JPG;2;0000-00-00 00:00:00
4466;ID=4466 .JPG;1;2015-09-06
4473;ID=4473 .JPG;1;2015-09-07
4477;ID=4477 .JPG;1;2016-03-04
4479;ID=4479, .JPG;2;0000-00-00 00:00:00
4480;ID=4480, Circutor.JPG;2;0000-00-00 00:00:00
4481;ID=4481 .JPG;1;2015-09-04
4482;ID=4482 .JPG;1;2015-09-04
4483;ID=4483 .JPG;1;2015-09-04
4484;ID=4484, .JPG;2;0000-00-00 00:00:00
4485;ID=4485 .JPG;1;2015-09-04
4486;ID=4486 .JPG;1;2015-09-06
4487;ID=4487 .JPG;1;2015-09-06
4488;ID=4488 .JPG;1;2015-09-06
4489;ID=4489 .JPG;1;2015-09-06
4490;ID=4490 .JPG;1;2015-09-06
4491;ID=4491 .JPG;1;2015-09-06
4492;ID=4492 .JPG;1;2015-09-06
4493;ID=4493 .JPG;1;2015-09-06
4494;ID=4494 .JPG;1;2015-09-06
4495;ID=4495 .JPG;1;2015-09-06
4496;ID=4496 .JPG;1;2015-09-06
4497;ID=4497 .JPG;1;2015-08-12
4500;ID=4500, 3SB3905-1AA.JPG;2;0000-00-00 00:00:00
4501;ID=4501, 3SB3901-1DD.JPG;2;0000-00-00 00:00:00
4502;ID=4502 .JPG;1;2015-08-12
4503;ID=4503, 3SB3901-1CD.JPG;2;0000-00-00 00:00:00
4504;ID=4504 .JPG;1;2015-08-12
4505;ID=4505 .JPG;1;2015-08-12
4506;ID=4506 .JPG;1;2015-08-31
4507;ID=4507 .JPG;1;2015-09-06
4508;ID=4508 .JPG;1;2015-09-06
4509;ID=4509, 3RA1923-2B .jpg;1;2015-09-02
4510;ID=4510 .JPG;1;2015-08-12
4511;ID=4511 .JPG;1;2015-09-06
4512;ID=4512 .JPG;1;2015-09-06
4513;ID=4513 .JPG;1;2015-09-06
4514;ID=4514, .JPG;2;0000-00-00 00:00:00
4515;ID=4515 .JPG;1;2015-08-12
4516;ID=4516, 3SB3400-0D.JPG;2;0000-00-00 00:00:00
4517;ID=4517. 3SB3400-1PB .JPG;2;0000-00-00 00:00:00
4518;ID=4518 .JPG;1;2015-08-12
4519;ID=4519 .JPG;1;2015-08-31
4521;ID=4521, .JPG;2;0000-00-00 00:00:00
4524;ID=4524, 3SB3247-0AA31.JPG;1;2015-11-30
4525;ID=4525, 3SB3201-0AA11.JPG;1;2015-11-30
4526;ID=4526.JPG;2;0000-00-00 00:00:00
4527;ID=4527 .JPG;1;2015-09-06
4528;ID=4528 .JPG;1;2015-09-06
4529;ID=4529 .JPG;1;2015-09-06
4535;ID=4535 .JPG;1;2015-08-31
4537;ID=4537 .JPG;1;2015-08-31
4540;ID=4540, .JPG;2;0000-00-00 00:00:00
4541;ID=4541, .JPG;2;0000-00-00 00:00:00
4542;ID=4542, .JPG;2;0000-00-00 00:00:00
4545;ID=4545, .JPG;2;0000-00-00 00:00:00
4546;ID=4546, .JPG;2;0000-00-00 00:00:00
4547;ID=4547, .JPG;2;0000-00-00 00:00:00
4548;ID=4548, .JPG;2;0000-00-00 00:00:00
4551;ID=4551 .JPG;1;2015-08-31
4552;ID=4552 .JPG;1;2015-08-31
4554;ID=4554 -.JPG;1;2015-08-31
4555;ID=4555.JPG;2;0000-00-00 00:00:00
4556;ID=4556 -.JPG;1;2015-08-31
4557;ID=4557 -.JPG;1;2015-08-31
4558;ID=4558 .JPG;1;2015-08-31
4565;ID=4565 .JPG;1;2015-08-31
4566;ID=4566 .JPG;1;2015-08-31
4567;ID=4567 .JPG;1;2015-08-31
4568;ID=4568 .JPG;1;2015-08-31
4569;ID=4569 .JPG;1;2015-08-31
4570;ID=4570, .JPG;1;2015-11-30
4571;ID=4571 .JPG;1;2015-08-31
4574;ID=4574.JPG;1;2015-08-27
4575;ID=4575.JPG;1;2015-08-27
4583;ID=4583, 400x35mm .JPG;2;0000-00-00 00:00:00
4585;ID=4585, 500x100 mm .JPG;2;0000-00-00 00:00:00
4587;ID=4587, .JPG;1;2015-09-02
4605;ID=4605 .JPG;1;2015-08-26
4611;ID=4611 .JPG;1;2015-08-26
4613;ID=4613, .JPG;1;2015-09-02
4614;ID=4614, 3SB3001-0BA71.JPG;2;0000-00-00 00:00:00
4617;ID=4617, 3SB3400-1PC.JPG;2;0000-00-00 00:00:00
4619;ID=4619, 3SB3925-0AV.JPG;2;0000-00-00 00:00:00
4620;ID=4620 .JPG;1;2015-09-07
4621;ID=4621 .JPG;1;2015-09-07
4622;ID=4622 .JPG;1;2015-09-07
4624;ID=4624, Relé protección. 7SJ6025-2EB90-3FA0+L0A .JPG;1;2015-11-26
4634;ID=4634  -.JPG;1;2015-08-31
4639;ID=4639 .JPG;1;2015-10-29
4640;ID=4640, Terminal interconexión 3x1x120 mm2 .JPG;1;2015-11-26
4645;ID=4645 .JPG;1;2015-08-31
4646;ID=4646 .JPG;1;2016-03-04
4647;ID=4647 .JPG;1;2016-03-04
4648;ID=4648 .JPG;1;2015-09-06
4649;ID=4649 .JPG;1;2015-09-17
4650;ID=4650.JPG;1;2015-08-26
4651;ID=4651,  - copia (2).jpg;1;2015-09-02
4652;ID=4652.jpg;1;2015-09-02
4653;ID=4653, 3KX7112-5AA00.JPG;2;0000-00-00 00:00:00
4655;ID=4655.JPG;1;2015-08-27
4656;ID=4656.JPG;1;2015-08-26
4657;ID=4657,  - copia.jpg;1;2015-09-02
4658;ID=4658.jpg;1;2015-09-02
4659;ID=4659.JPG;1;2015-08-27
4660;ID=4660, 3KX7112-5AA00.JPG;2;0000-00-00 00:00:00
4661;ID=4661.JPG;1;2015-08-27
4663;ID=4663 .JPG;1;2015-08-31
4664;ID=4664 .JPG;1;2015-08-31
4665;ID=4665 .JPG;1;2015-08-31
4667;ID=4667 -.JPG;1;2015-08-31
4668;ID=4668 -.JPG;1;2015-08-31
4670;ID=4670 .JPG;1;2015-09-06
4671;ID=4671.JPG;1;2015-08-31
4675;ID=4675 .JPG;1;2015-08-31
4676;ID=4676 .JPG;1;2015-08-12
4679;ID=4679 .JPG;1;2015-09-06
4681;ID=4681.JPG;1;2015-08-26
4682;ID=4682.JPG;1;2015-08-26
4686;ID=4686 .JPG;1;2015-09-07
4687;ID=4687 .JPG;1;2015-09-07
4689;ID=4689 .JPG;1;2015-08-31
4690;ID=4690 .JPG;1;2015-09-06
4691;ID=4691 .JPG;1;2015-09-07
4692;ID=4692 .JPG;1;2015-08-31
4693;ID=4693, .JPG;1;2015-12-02
4694;ID=4694, .JPG;1;2015-12-02
4695;ID=4695. .JPG;1;2015-12-02
4696;ID=4696 .JPG;1;2015-09-07
4704;ID=4704 .JPG;1;2015-08-31
4705;ID=4705.JPG;1;2015-08-27
4706;ID=4706 .JPG;1;2015-08-31
4708;ID=4708, Circutor.JPG;2;0000-00-00 00:00:00
4709;ID=4709 .JPG;1;2015-08-31
4710;ID=4710, .JPG;1;2015-11-30
4714;ID=4714, .JPG;2;0000-00-00 00:00:00
4716;ID=4716, 6XX6223-0BA10 .JPG;2;0000-00-00 00:00:00
4717;ID=4717, .JPG;2;0000-00-00 00:00:00
4718;ID=4718, .JPG;2;0000-00-00 00:00:00
4720;ID=4720, .JPG;2;0000-00-00 00:00:00
4728;ID=4728, .JPG;2;0000-00-00 00:00:00
4729;ID=4729, .JPG;2;0000-00-00 00:00:00
4730;ID=4730, V25132-M1119-A300  .JPG;1;2015-08-05
4732;ID=4732, V25132-M1116-A400 .JPG;1;2015-08-05
4733;ID=4733, .JPG;2;0000-00-00 00:00:00
4734;ID=4734, .JPG;1;2015-08-04
4735;ID=4735, .JPG;2;0000-00-00 00:00:00
4736;ID=4736, .JPG;2;0000-00-00 00:00:00
4737;ID=4737, .JPG;2;0000-00-00 00:00:00
4738;ID=4738, .JPG;2;0000-00-00 00:00:00
4739;ID=4739, .JPG;2;0000-00-00 00:00:00
4740;ID=4740, .JPG;2;0000-00-00 00:00:00
4741;ID=4741, .JPG;2;0000-00-00 00:00:00
4742;ID=4742, .JPG;2;0000-00-00 00:00:00
4743;ID=4743, .JPG;2;0000-00-00 00:00:00
4744;ID=4744, .JPG;2;0000-00-00 00:00:00
4745;ID=4745, .JPG;2;0000-00-00 00:00:00
4746;ID=4746, .JPG;2;0000-00-00 00:00:00
4747;ID=4747, .JPG;1;2015-12-02
4748;ID=4748, .JPG;2;0000-00-00 00:00:00
4749;ID=4749, hood  .JPG;1;2015-08-04
4750;ID=4750, S52830-C1-B11 .JPG;1;2015-08-05
4751;ID-4751, SIMIS  .JPG;1;2015-08-04
4752;ID=4752. .JPG;2;0000-00-00 00:00:00
4754;ID=4754, D3017-S7020-Z3 .JPG;2;0000-00-00 00:00:00
4755;ID=4755, .JPG;2;0000-00-00 00:00:00
4756;ID=4756, .JPG;2;0000-00-00 00:00:00
4758;ID=4758, DATA UNIT DAG  .JPG;1;2015-08-04
4759;ID=4759, .JPG;2;0000-00-00 00:00:00
4760;ID=4760, .JPG;2;0000-00-00 00:00:00
4761;ID=4761, .JPG;2;0000-00-00 00:00:00
4762;ID=4762, .JPG;2;0000-00-00 00:00:00
4763;ID=4763, .JPG;2;0000-00-00 00:00:00
4764;4764, .JPG;1;2015-12-02
4765;ID=4765.JPG;2;0000-00-00 00:00:00
4766;ID=4766, .JPG;2;0000-00-00 00:00:00
4767;ID=4767, .JPG;2;0000-00-00 00:00:00
4768;ID=4768, .JPG;1;2015-09-07
4769;ID=4769, .JPG;2;0000-00-00 00:00:00
4770;ID=4770, .JPG;2;0000-00-00 00:00:00
4771;ID=4771, .JPG;2;0000-00-00 00:00:00
4772;ID=4772, .JPG;2;0000-00-00 00:00:00
4773;ID=4773, .JPG;2;0000-00-00 00:00:00
4776;ID=4776, .JPG;2;0000-00-00 00:00:00
4778;ID=4778, .JPG;2;0000-00-00 00:00:00
4779;ID=4779, S25442-A10-A1 .JPG;1;2015-08-05
4780;ID=4780, C25334-Z5-C158 .JPG;1;2015-08-05
4781;ID=4781, C25327-Z3-C17 .JPG;1;2015-08-05
4782;ID=4782, .JPG;2;0000-00-00 00:00:00
4784;ID=4784, .JPG;2;0000-00-00 00:00:00
4785;ID=4785, .JPG;2;0000-00-00 00:00:00
4786;ID=4786, .JPG;2;0000-00-00 00:00:00
4789;ID=4789, .JPG;2;0000-00-00 00:00:00
4792;ID=4792, .JPG;2;0000-00-00 00:00:00
4793;ID=4793, .JPG;2;0000-00-00 00:00:00
4794;ID=4794, .JPG;2;0000-00-00 00:00:00
4798;ID=4798, .JPG;2;0000-00-00 00:00:00
4799;ID=4799, .JPG;2;0000-00-00 00:00:00
4800;ID=4800, .JPG;2;0000-00-00 00:00:00
4801;ID=4801, .JPG;2;0000-00-00 00:00:00
4802;ID=4802, .JPG;2;0000-00-00 00:00:00
4803;ID=4803, .JPG;2;0000-00-00 00:00:00
4804;ID=4804, .JPG;2;0000-00-00 00:00:00
4805;ID=4805, .JPG;2;0000-00-00 00:00:00
4806;ID=4806, .JPG;2;0000-00-00 00:00:00
4807;ID=4807, .JPG;2;0000-00-00 00:00:00
4808;ID=4808, .JPG;2;0000-00-00 00:00:00
4809;ID=4809, .JPG;2;0000-00-00 00:00:00
4811;ID=4811, .JPG;2;0000-00-00 00:00:00
4812;ID=4812, Rectifier .JPG;1;2015-08-04
4813;ID=4813, Rectifier 24 V DC .JPG;1;2015-08-04
4814;ID=4814, .JPG;2;0000-00-00 00:00:00
4815;ID=4815, .JPG;2;0000-00-00 00:00:00
4816;ID=4816, .JPG;2;0000-00-00 00:00:00
4817;ID=4817, .JPG;2;0000-00-00 00:00:00
4818;ID=4818, .JPG;2;0000-00-00 00:00:00
4819;ID=4819, .JPG;2;0000-00-00 00:00:00
4820;ID=4820, .JPG;2;0000-00-00 00:00:00
4821;ID=4821, .JPG;2;0000-00-00 00:00:00
4822;ID=4822, .JPG;2;0000-00-00 00:00:00
4825;ID=4825, .JPG;2;0000-00-00 00:00:00
4828;ID=4828, 5VW7333 .JPG;1;2015-08-05
4829;ID=4829, .JPG;2;0000-00-00 00:00:00
4830;ID=4830, .JPG;2;0000-00-00 00:00:00
4831;ID=4831, .JPG;2;0000-00-00 00:00:00
4832;ID=4832 , .JPG;2;0000-00-00 00:00:00
4834;ID=4834 .JPG;1;2015-09-07
4851;ID=4851, 8WL7152-3.JPG;2;0000-00-00 00:00:00
4852;ID=4852, 8WL7152-4.JPG;2;0000-00-00 00:00:00
4853;ID=4853, 8WL7153-8.JPG;2;0000-00-00 00:00:00
4862;ID=4862  .JPG;1;2015-09-06
4863;ID=4863, .JPG;2;0000-00-00 00:00:00
4884;ID=4884, 8WL7157-0 .JPG;2;0000-00-00 00:00:00
4921;ID=4921 .JPG;1;2015-08-31
4945;ID=4945,M519110050000.jpg;2;0000-00-00 00:00:00
4949;ID=4949.JPG;1;2015-08-27
4950;ID=4950.JPG;1;2015-08-27
4997;ID=4997, SP12-65AH, Baterias negras de 12V .jpg;1;2015-11-30
5015;ID=5015, S800 E, A2V00002135464 .JPG;1;2015-09-10
5024;ID=5024 .JPG;1;2015-09-06
5028;ID=5028 .JPG;1;2015-08-06
5029;ID=5029, 3GD2063-4BC.JPG;2;0000-00-00 00:00:00
5030;ID=5030, Motor interruptor de 3 posiciones .JPG;1;2015-09-02
5033;ID=5033, .JPG;1;2015-12-02
5034;ID=5034 .JPG;1;2015-09-17
5035;ID=5035 .JPG;1;2015-09-17
5036;ID=5036, 6EP1334-2BA20 .JPG;1;2015-09-02
5037;ID=5037 .JPG;1;2015-09-17
5038;ID=5038.JPG;1;2015-09-17
5039;ID=5039 .JPG;1;2015-09-17
5040;ID=5040, ES2-EMMT400630 .JPG;1;2015-09-17
5042;ID=5042 .JPG;1;2015-09-17
5043;ID=5043 .JPG;1;2015-09-17
5044;ID=5044, carril conductor T-metro.JPG;2;0000-00-00 00:00:00
5045;ID=5045, Carrito de montaje.JPG;2;0000-00-00 00:00:00
5050;ID=5050, 3RV1031-4DA10 .JPG;1;2015-09-02
5051;ID=5051 .JPG;1;2015-09-06
5052;ID=5052, 3RV1042-4LA10 .JPG;1;2015-09-02
5054;ID=5054 .JPG;1;2015-09-17
5055;ID=5055 .JPG;1;2015-08-31
5056;ID=5056, 3VL7710-1TF46-0AA0 , 3VL6780-1TF46-0AA0 .JPG;1;2015-09-02
5057;ID=5057, 6ES7151-7AA21-0AB0 .jpg;1;2015-09-17
5071;ID=5071, 4mm2 .JPG;1;2015-09-02
5072;ID=5072, A10-CU 50mm2 .JPG;1;2015-09-02
5073;ID=5073, A14-CU 70mm2 .JPG;1;2015-09-02
5074;ID=5074 .JPG;1;2015-09-07
5075;ID=5075.JPG;2;0000-00-00 00:00:00
5076;ID=5076.JPG;2;0000-00-00 00:00:00
5077;ID=5077 .JPG;1;2015-08-31
5078;ID=5078 .JPG;1;2015-09-06
5079;ID=5079, 67020062 .JPG;1;2015-09-02
5080;ID=5080 .JPG;1;2015-09-07
5081;ID=5081 .JPG;1;2015-09-07
5082;ID=5082 .JPG;1;2015-09-07
5083;ID=5083.JPG;1;2015-09-07
5084;ID=5084 .JPG;1;2015-09-06
5085;ID=5085 .JPG;1;2015-09-06
5086;ID=5086, 3AY1711-2E .JPG;1;2015-09-17
5087;ID=5087 .JPG;1;2015-09-06
5089;ID=5089, 3SB3210-2DA11 .JPG;1;2015-09-02
5090;ID=5090,.JPG;2;2016-01-13
5092;ID=5092 .JPG;1;2015-09-17
5093;ID=5093 .JPG;1;2015-09-17
5094;ID=5094  .JPG;1;2015-09-10
5095;ID=5095 .JPG;1;2015-09-17
5096;ID=5096 .JPG;1;2015-09-17
5097;ID=5097.JPG;2;0000-00-00 00:00:00
5098;ID=5098 .JPG;1;2015-09-17
5099;ID=5099 .JPG;1;2015-09-17
5100;ID=5100 .JPG;1;2015-09-06
5101;ID=5101 .JPG;1;2015-09-17
5102;ID=5102, M089435.JPG;4;2015-08-11
5104;ID=5104 .JPG;1;2015-09-17
5105;ID=5105 .JPG;1;2015-09-17
5106;ID=5106, Cable AL-ALFUMEX H(XLPE) 1x150-1x16, 12-20kV .JPG;1;2015-09-17
5107;ID=5107, .JPG;2;0000-00-00 00:00:00
5108;ID=5108, .JPG;2;0000-00-00 00:00:00
5109;ID=5109. .JPG;2;0000-00-00 00:00:00
5110;ID=5110, 8WL7238-7E.JPG;2;0000-00-00 00:00:00
5112;ID=5112, 178.SCP.001  .JPG;1;2015-09-17
5113;ID=5113, AR60-D, Cod. 2834015 .JPG;1;2015-11-26
5114;ID=5114, 8WL6503-1A .JPG;2;0000-00-00 00:00:00
5115;ID=5115, 8WL6504-5.JPG;2;0000-00-00 00:00:00
5116;ID=5116, F125 mA 3 kV.JPG;2;0000-00-00 00:00:00
5117;ID=5117, .JPG;2;0000-00-00 00:00:00
5118;ID=5118, .JPG;2;0000-00-00 00:00:00
5119;ID=5119, .JPG;1;2015-09-07
5120;ID=5120, .JPG;2;0000-00-00 00:00:00
5121;ID=5121, S25790-B141-D2 .JPG;1;2015-11-26
5122;ID=5122 .JPG;1;2015-09-02
5123;ID=5123, .JPG;1;2015-09-07
5124;ID=5124, S25448-M2-A2 .JPG;1;2015-09-17
5140;ID=5140, Cortadora de tubo .JPG;2;0000-00-00 00:00:00
5141;ID=5141, .JPG;2;0000-00-00 00:00:00
5142;ID=5142, Taladro de pedestal 5 octavo x 13 pulds. Industrial 3-4 HP. .JPG;2;0000-00-00 00:00:00
5143;ID=5143, .JPG;2;0000-00-00 00:00:00
5145;ID=5145, .JPG;1;2015-12-02
5151;ID=5151, .JPG;2;0000-00-00 00:00:00
5152;ID=5152, .JPG;2;0000-00-00 00:00:00
5153;ID=5153 .JPG;1;2015-11-30
5154;ID=5154 .JPG;1;2015-11-30
5155;ID=5155 .JPG;1;2015-11-30
5156;ID=5156 .JPG;1;2015-11-30
5157;ID=5157 .JPG;1;2015-11-30
5158;ID=5158 .JPG;1;2015-11-30
5159;ID=5159 .JPG;1;2015-11-30
5160;ID=5160 .JPG;1;2015-11-30
5161;ID=5161.JPG;1;2015-11-30
5162;ID=5162 .JPG;1;2015-11-30
5163;ID=5163 .JPG;1;2015-11-30
5164;ID=5164 .JPG;1;2015-11-30
5165;ID=5165 .JPG;1;2015-11-30
5166;ID=5166 .JPG;1;2015-11-30
5167;ID=5167 .JPG;1;2015-11-30
5168;ID=5168 .JPG;1;2015-11-30
5169;ID=5169 .JPG;1;2015-11-30
5170;ID=5170 .JPG;1;2015-11-30
5171;ID=5171 .JPG;1;2015-11-30
5172;ID=5172 .jpg;1;2015-11-30
5173;ID=5173 .jpg;1;2015-11-30
5174;ID=5174 .JPG;1;2015-11-30
5175;ID=5175 .JPG;1;2015-11-30
5176;ID=5176 .JPG;1;2015-11-30
5177;ID=5177 .JPG;1;2015-11-30
5178;ID=5178.JPG;2;0000-00-00 00:00:00
5179;ID=5179.JPG;2;0000-00-00 00:00:00
5180;ID=5180.JPG;2;0000-00-00 00:00:00
5181;ID=5181.JPG;2;0000-00-00 00:00:00
5182;ID=5182 .JPG;1;2015-09-06
5183;ID=5183 .JPG;1;2015-09-06
5184;3RT1044-1AL20, Contactor .JPG;1;2015-08-04
5185;AR60-D, Cod. 2834015 .JPG;1;2015-09-02
5187;ID=5187.JPG;2;2016-01-13
5188;ID=5188.JPG;2;2016-01-13
5189;ID=5189.JPG;2;2016-01-13
5190;ID=5190,.JPG;2;2016-01-13
5191;ID=5191.JPG;2;2016-01-13
5192;ID=5192.JPG;2;2016-01-13
5193;ID=5193.JPG;2;2016-01-13
5194;ID=5194.JPG;2;2016-01-13
5195;ID=5195.JPG;2;2016-01-13
5196;ID=5196.JPG;2;2016-01-13
5197;ID=5197.JPG;2;2016-01-13
5198;ID=5198.JPG;2;2016-01-13
5199;ID=5199.JPG;2;2016-01-13
5200;ID=5200, SBS15.JPG;4;2016-03-10
5201;DSC04032.JPG;4;2016-03-10
5287;1486064515730-847278944.jpg;2;2017-02-02
